[
  {
    "id": 1,
    "logo": "/logos/apl.svg",
    "name": "APL",
    "siteLink": "https://www.apl.com/",
    "twitterLink": "https://twitter.com/aplshipping",
    "instagramLink": "",
    "facebookLink": "https://www.facebook.com/APLshippiing",
    "linkedinLink": "https://www.linkedin.com/company/apl/?originalSubdomain=sg"
  },
  {
    "id": 2,
    "logo": "/logos/arkas.png",
    "name": "Arkas",
    "siteLink": "http://www.arkasline.com.tr/anasayfa.html",
    "twitterLink": "https://twitter.com/arkas_holding",
    "instagramLink": "https://www.instagram.com/arkasholding/",
    "facebookLink": "https://www.facebook.com/arkasholding/",
    "linkedinLink": "https://www.linkedin.com/company/arkasline/?originalSubdomain=tr"
  },
  {
    "id": 3,
    "logo": "/logos/borchardlines.svg",
    "name": "Borchard",
    "siteLink": "https://www.borlines.com/",
    "twitterLink": "",
    "instagramLink": "",
    "facebookLink": "",
    "linkedinLink": "https://www.linkedin.com/company/borchard-lines/?trk=public_profile_experience-item_profile-section-card_image-click&originalSubdomain=tr"
  },
  {
    "id": 4,
    "logo": "/logos/cma-cgm.png",
    "name": "CMA CGM",
    "siteLink": "https://www.cma-cgm.com/",
    "twitterLink": "https://twitter.com/cmacgm",
    "instagramLink": "https://www.instagram.com/cmacgm/",
    "facebookLink": "https://www.facebook.com/cmacgm/",
    "linkedinLink": "https://www.linkedin.com/company/cma-cgm/?originalSubdomain=tr"
  },
  {
    "id": 5,
    "logo": "/logos/coscoshipping.png",
    "name": "COSCO",
    "siteLink": "https://lines.coscoshipping.com/home",
    "twitterLink": "https://twitter.com/coscoshipping",
    "instagramLink": "https://www.instagram.com/coscoshippinglinesnvrsk/?hl=tr",
    "facebookLink": "https://www.facebook.com/COSCOSHIPPING/",
    "linkedinLink": "https://www.linkedin.com/company/cosco-shipping-lines-turkey/?originalSubdomain=tr"
  },
  {
    "id": 6,
    "logo": "/logos/DAL.png",
    "name": "DAL",
    "siteLink": "https://www.dal.biz/",
    "twitterLink": "",
    "instagramLink": "https://www.instagram.com/dal_jte/?hl=de",
    "facebookLink": "",
    "linkedinLink": "https://www.linkedin.com/company/dal-deutsche-afrika-linien-gmbh-&-co./?originalSubdomain=de"
  },
  {
    "id": 7,
    "logo": "/logos/evergreen.png",
    "name": "Evergreen",
    "siteLink": "http://www.evergreen-line.com/",
    "twitterLink": "https://twitter.com/EvergreenAction",
    "instagramLink": "https://www.instagram.com/evergreen.line/",
    "facebookLink": "https://www.facebook.com/Evergreen-Marine-ship-company-Private-Limited-122829505004002/",
    "linkedinLink": "https://www.linkedin.com/company/evergreen-line/"
  },
  {
    "id": 8,
    "logo": "/logos/grimaldi.jfif",
    "name": "Grimaldi",
    "siteLink": "https://www.grimaldi.co.uk/",
    "twitterLink": "https://twitter.com/grimaldilines",
    "instagramLink": "https://www.instagram.com/grimaldilines/?hl=tr",
    "facebookLink": "https://www.facebook.com/grimaldi.lines/",
    "linkedinLink": "https://www.linkedin.com/company/grimaldi-group/"
  },
  {
    "id": 9,
    "logo": "/logos/H-SUD.png",
    "name": "Hamburg Süd",
    "siteLink": "https://www.hamburgsud.com/en/index.html",
    "twitterLink": "",
    "instagramLink": "https://www.instagram.com/hamburgsud_official/",
    "facebookLink": "https://www.facebook.com/Hamburg-S%C3%BCd-1824692520890503/",
    "linkedinLink": "https://www.linkedin.com/company/hamburg-sud/?originalSubdomain=tr"
  },
  {
    "id": 10,
    "logo": "/logos/hapag.png",
    "name": "Hapag",
    "siteLink": "https://www.hapag-lloyd.com/en/home.html",
    "twitterLink": "https://twitter.com/HapagLloydAG",
    "instagramLink": "https://www.instagram.com/hapaglloydag/",
    "facebookLink": "https://www.facebook.com/hapaglloydag/",
    "linkedinLink": "https://www.linkedin.com/company/hapag-lloyd-ag/?originalSubdomain=de"
  },
  {
    "id": 11,
    "logo": "/logos/HMM.png",
    "name": "HMM",
    "siteLink": "http://www.hmm21.com/cms/company/engn/index.jsp",
    "twitterLink": "https://twitter.com/hmmeurope",
    "instagramLink": "https://www.instagram.com/hmm21.official/",
    "facebookLink": "https://www.facebook.com/hmm21.official/",
    "linkedinLink": "https://www.linkedin.com/company/hmmofficial/?originalSubdomain=kr"
  },
  {
    "id": 12,
    "logo": "/logos/k-line.jfif",
    "name": "K Line",
    "siteLink": "https://klineurope.com/",
    "twitterLink": "",
    "instagramLink": "",
    "facebookLink": "",
    "linkedinLink": "https://www.linkedin.com/company/k-line/"
  },
  {
    "id": 13,
    "logo": "/logos/MAERSK.png",
    "name": "Maersk",
    "siteLink": "https://www.maersk.com/",
    "twitterLink": "https://twitter.com/maersk",
    "instagramLink": "https://www.instagram.com/maersk_official/",
    "facebookLink": "https://www.facebook.com/Maersk/",
    "linkedinLink": "https://www.linkedin.com/company/maersk-group/?originalSubdomain=tr"
  },
  {
    "id": 14,
    "logo": "/logos/melfi.jfif",
    "name": "Melfi Lines",
    "siteLink": "https://www.melfimarine.cu/",
    "twitterLink": "",
    "instagramLink": "",
    "facebookLink": "",
    "linkedinLink": ""
  },
  {
    "id": 15,
    "logo": "/logos/MOL.png",
    "name": "MOL",
    "siteLink": "https://www.mol.co.jp/",
    "twitterLink": "https://twitter.com/mitsui_italy",
    "instagramLink": "https://www.instagram.com/mol_mitsui_o.s.k_line_official/?utm_source=ig_profile_share&igshid=18jzpj0zaeg5n",
    "facebookLink": "https://www.facebook.com/Mitsui-OSK-Lines-114143676889103",
    "linkedinLink": "https://www.linkedin.com/company/mitsuiosklines/?trk=public_profile_topcard-current-company&originalSubdomain=tr"
  },
  {
    "id": 16,
    "logo": "/logos/mscc.jpg",
    "name": "MSC",
    "siteLink": "https://www.msc.com/",
    "twitterLink": "https://twitter.com/msccargo",
    "instagramLink": "https://www.instagram.com/msccargo/",
    "facebookLink": "https://www.facebook.com/MSCCargo/",
    "linkedinLink": "https://www.linkedin.com/company/msc-mediterranean-shipping-co--s-a-/?originalSubdomain=tr"
  },
  {
    "id": 17,
    "logo": "/logos/nyk-lines.jfif",
    "name": "NYK Line",
    "siteLink": "https://www.nykline.com/linertariff.html#/Home",
    "twitterLink": "https://twitter.com/nyklineofficial",
    "instagramLink": "https://www.instagram.com/nykline_official/",
    "facebookLink": "https://www.facebook.com/nyklineshipping/",
    "linkedinLink": "https://www.linkedin.com/company/nyk-line/"
  },
  {
    "id": 18,
    "logo": "/logos/oocl.svg",
    "name": "OOCL",
    "siteLink": "http://www.oocl.com/",
    "twitterLink": "https://twitter.com/oocllogistics",
    "instagramLink": "https://www.instagram.com/oocl_official/",
    "facebookLink": "https://www.facebook.com/OOCLLogistics/",
    "linkedinLink": "https://www.linkedin.com/company/oocl/?originalSubdomain=hk"
  },

  {
    "id": 21,
    "logo": "/logos/tarros.png",
    "name": "Tarros",
    "siteLink": "https://www.tarros.it/",
    "twitterLink": "",
    "instagramLink": "https://www.instagram.com/tarrosgroup/",
    "facebookLink": "https://www.facebook.com/TarrosGroup/",
    "linkedinLink": "https://www.linkedin.com/company/tarros-spa/?trk=public_profile_topcard-current-company&originalSubdomain=tr"
  },
  {
    "id": 22,
    "logo": "/logos/turkon-logo.jpg",
    "name": "Turkon",
    "siteLink": "http://www.turkon.com/tr",
    "twitterLink": "",
    "instagramLink": "https://www.instagram.com/turkon.line/",
    "facebookLink": "https://www.facebook.com/turkonlineofficial",
    "linkedinLink": "https://www.linkedin.com/company/turkonline/?originalSubdomain=tr"
  },

  {
    "id": 24,
    "logo": "/logos/YML.png",
    "name": "YML",
    "siteLink": "http://www.yangming.com/",
    "twitterLink": "",
    "instagramLink": "",
    "facebookLink": "",
    "linkedinLink": "https://www.linkedin.com/company/yml/?originalSubdomain=tr"
  },
  {
    "id": 25,
    "logo": "/logos/ZIM.png",
    "name": "ZIM",
    "siteLink": "https://www.zim.com/",
    "twitterLink": "https://twitter.com/zimshipping",
    "instagramLink": "https://www.instagram.com/zimshipping/",
    "facebookLink": "https://www.facebook.com/zimshippingservices/",
    "linkedinLink": "https://www.linkedin.com/company/zim/"
  },
  {
    "id": 26,
    "logo": "/logos/medkon_lines.jpg",
    "name": "MEDKON Lines",
    "siteLink": "https://medkonlines.com/2685-2/",
    "twitterLink": "https://twitter.com/medkonlines",
    "instagramLink": "https://www.instagram.com/medkongroup/",
    "facebookLink": "https://www.facebook.com/MedkonLines/",
    "linkedinLink": "https://www.linkedin.com/company/medkon-lines/?originalSubdomain=tr"
  },
  {
    "id": 27,
    "logo": "/logos/AKKON.png",
    "name": "AKKON Lines",
    "siteLink": "https://www.akkonlines.com/",
    "twitterLink": "",
    "instagramLink": "https://www.instagram.com/akkonlines/",
    "facebookLink": "",
    "linkedinLink": "https://www.linkedin.com/company/akkon-maritime-transport-and-trade-s-a/?originalSubdomain=tr"
  },

  {
    "id": 29,
    "logo": "/logos/MLH.jpg",
    "name": "MLH Shipping",
    "siteLink": "http://www.mlh-shipping.com/",
    "twitterLink": "",
    "instagramLink": "https://www.instagram.com/mlhshipping/",
    "facebookLink": "https://m.facebook.com/profile.php?id=100063872659163&_rdr",
    "linkedinLink": "https://www.linkedin.com/in/mlh-shipping-37139a212/?originalSubdomain=tr"
  },
  {
    "id": 30,
    "logo": "/logos/ONE-line.png",
    "name": "ONE Line",
    "siteLink": "https://www.one-line.com/en",
    "twitterLink": "https://twitter.com/oceannetworkexp",
    "instagramLink": "https://www.instagram.com/ocean_network_express/",
    "facebookLink": "https://www.facebook.com/ocean.network.express.global/",
    "linkedinLink": "https://www.linkedin.com/company/oceannetworkexpress/?originalSubdomain=tr"
  },
  {
    "id": 31,
    "logo": "/logos/image-not-available.png",
    "name": "AC Line",
    "siteLink": "http://www.shipacl.com/",
    "twitterLink": "",
    "instagramLink": "",
    "facebookLink": "",
    "linkedinLink": ""
  },
  {
    "id": 32,
    "logo": "/logos/ac-lines.png",
    "name": "AC Lines",
    "siteLink": "http://www.aclship.com/",
    "twitterLink": "",
    "instagramLink": "https://www.instagram.com/advancecontainers/",
    "facebookLink": "",
    "linkedinLink": ""
  },
  {
    "id": 33,
    "logo": "/logos/acl.png",
    "name": "ACL",
    "siteLink": "https://www.aclcargo.com/",
    "twitterLink": "https://www.linkedin.com/company/atlantic-container-line/",
    "instagramLink": "https://www.instagram.com/atlanticcontainerline/",
    "facebookLink": "",
    "linkedinLink": "https://www.linkedin.com/company/atlantic-container-line/"
  },
  {
    "id": 34,
    "logo": "/logos/ael.jpg",
    "name": "AEL",
    "siteLink": "https://www.africaexpressline.com/",
    "twitterLink": "",
    "instagramLink": "",
    "facebookLink": "",
    "linkedinLink": "https://www.linkedin.com/company/africa-express-line-limited/about/"
  },
  {
    "id": 35,
    "logo": "/logos/wan-hai-lines.png",
    "name": "Wan Hai Lines",
    "siteLink": "https://www.wanhai.com/views/Main.xhtml",
    "twitterLink": "",
    "instagramLink": "",
    "facebookLink": "https://www.facebook.com/Wan-Hai-Lines-LTD-110898660802170/",
    "linkedinLink": "https://www.linkedin.com/company/wan-hai-lines/"
  },
  {
    "id": 36,
    "logo": "/logos/PIL_logo.png",
    "name": "PIL",
    "siteLink": "https://www.pilship.com/",
    "twitterLink": "https://twitter.com/pilsingapore",
    "instagramLink": "https://www.instagram.com/pilships/",
    "facebookLink": "https://www.facebook.com/pilsingapore/",
    "linkedinLink": "https://www.linkedin.com/company/pilsingapore/?originalSubdomain=sg"
  },
  {
    "id": 37,
    "logo": "/logos/kmtc.jfif",
    "name": "KMTC",
    "siteLink": "http://www.kmtc.co.kr/",
    "twitterLink": "https://twitter.com/kmtc_line",
    "instagramLink": "",
    "facebookLink": "",
    "linkedinLink": "https://www.linkedin.com/company/korea-marine-transport-co-ltd-/?originalSubdomain=tr"
  },
  {
    "id": 38,
    "logo": "/logos/sıtc.jfif/",
    "name": "SITC",
    "siteLink": "https://www.sitc.com/en/",
    "twitterLink": "",
    "instagramLink": "https://www.instagram.com/sitc_indonesia/",
    "facebookLink": "https://www.facebook.com/SITC-Container-Lines-Malaysia-Sdn-Bhd-105334648197401/",
    "linkedinLink": "https://www.linkedin.com/company/sitc-container-lines-phils-inc-/about/"
  },
  {
    "id": 39,
    "logo": "/logos/unifeeder.jpg",
    "name": "Unifeeder",
    "siteLink": "https://unimed.unifeeder.com/",
    "twitterLink": "",
    "instagramLink": "",
    "facebookLink": "",
    "linkedinLink": "https://www.linkedin.com/company/unifeeder/"
  },
  {
    "id": 40,
    "logo": "/logos/irisl.png",
    "name": "IRISL Group",
    "siteLink": "",
    "twitterLink": "",
    "instagramLink": "https://www.instagram.com/irislgroup/?hl=tr",
    "facebookLink": "",
    "linkedinLink": "https://www.linkedin.com/company/irisl-group/"
  },
  {
    "id": 41,
    "logo": "/logos/xpress-feeders.jfif",
    "name": "X-Press Feeders",
    "siteLink": "https://www.x-pressfeeders.com/",
    "twitterLink": "",
    "instagramLink": "https://www.instagram.com/xpressfeeders/",
    "facebookLink": "",
    "linkedinLink": "https://www.linkedin.com/company/x-press-feeders/?originalSubdomain=sg"
  },
  {
    "id": 31,
    "logo": "/logos/",
    "name": "",
    "siteLink": "",
    "twitterLink": "",
    "instagramLink": "",
    "facebookLink": "",
    "linkedinLink": ""
  },
  {
    "id": 31,
    "logo": "/logos/",
    "name": "",
    "siteLink": "",
    "twitterLink": "",
    "instagramLink": "",
    "facebookLink": "",
    "linkedinLink": ""
  },
  {
    "id": 31,
    "logo": "/logos/",
    "name": "",
    "siteLink": "",
    "twitterLink": "",
    "instagramLink": "",
    "facebookLink": "",
    "linkedinLink": ""
  },
  {
    "id": 31,
    "logo": "/logos/",
    "name": "",
    "siteLink": "",
    "twitterLink": "",
    "instagramLink": "",
    "facebookLink": "",
    "linkedinLink": ""
  },
  {
    "id": 31,
    "logo": "/logos/",
    "name": "",
    "siteLink": "",
    "twitterLink": "",
    "instagramLink": "",
    "facebookLink": "",
    "linkedinLink": ""
  },
  {
    "id": 31,
    "logo": "/logos/",
    "name": "",
    "siteLink": "",
    "twitterLink": "",
    "instagramLink": "",
    "facebookLink": "",
    "linkedinLink": ""
  },
  {
    "id": 31,
    "logo": "/logos/",
    "name": "",
    "siteLink": "",
    "twitterLink": "",
    "instagramLink": "",
    "facebookLink": "",
    "linkedinLink": ""
  },
  {
    "id": 31,
    "logo": "/logos/",
    "name": "",
    "siteLink": "",
    "twitterLink": "",
    "instagramLink": "",
    "facebookLink": "",
    "linkedinLink": ""
  },
  {
    "id": 31,
    "logo": "/logos/",
    "name": "",
    "siteLink": "",
    "twitterLink": "",
    "instagramLink": "",
    "facebookLink": "",
    "linkedinLink": ""
  },
  {
    "id": 31,
    "logo": "/logos/",
    "name": "",
    "siteLink": "",
    "twitterLink": "",
    "instagramLink": "",
    "facebookLink": "",
    "linkedinLink": ""
  },
  {
    "id": 31,
    "logo": "/logos/",
    "name": "",
    "siteLink": "",
    "twitterLink": "",
    "instagramLink": "",
    "facebookLink": "",
    "linkedinLink": ""
  },
  {
    "id": 31,
    "logo": "/logos/",
    "name": "",
    "siteLink": "",
    "twitterLink": "",
    "instagramLink": "",
    "facebookLink": "",
    "linkedinLink": ""
  },
  {
    "id": 31,
    "logo": "/logos/",
    "name": "",
    "siteLink": "",
    "twitterLink": "",
    "instagramLink": "",
    "facebookLink": "",
    "linkedinLink": ""
  },
  {
    "id": 31,
    "logo": "/logos/",
    "name": "",
    "siteLink": "",
    "twitterLink": "",
    "instagramLink": "",
    "facebookLink": "",
    "linkedinLink": ""
  },
  {
    "id": 31,
    "logo": "/logos/",
    "name": "",
    "siteLink": "",
    "twitterLink": "",
    "instagramLink": "",
    "facebookLink": "",
    "linkedinLink": ""
  },
  {
    "id": 31,
    "logo": "/logos/",
    "name": "",
    "siteLink": "",
    "twitterLink": "",
    "instagramLink": "",
    "facebookLink": "",
    "linkedinLink": ""
  },
  {
    "id": 31,
    "logo": "/logos/",
    "name": "",
    "siteLink": "",
    "twitterLink": "",
    "instagramLink": "",
    "facebookLink": "",
    "linkedinLink": ""
  },
  {
    "id": 31,
    "logo": "/logos/",
    "name": "",
    "siteLink": "",
    "twitterLink": "",
    "instagramLink": "",
    "facebookLink": "",
    "linkedinLink": ""
  },
  {
    "id": 31,
    "logo": "/logos/",
    "name": "",
    "siteLink": "",
    "twitterLink": "",
    "instagramLink": "",
    "facebookLink": "",
    "linkedinLink": ""
  },
  {
    "id": 31,
    "logo": "/logos/",
    "name": "",
    "siteLink": "",
    "twitterLink": "",
    "instagramLink": "",
    "facebookLink": "",
    "linkedinLink": ""
  },
  {
    "id": 31,
    "logo": "/logos/",
    "name": "",
    "siteLink": "",
    "twitterLink": "",
    "instagramLink": "",
    "facebookLink": "",
    "linkedinLink": ""
  },
  {
    "id": 31,
    "logo": "/logos/",
    "name": "",
    "siteLink": "",
    "twitterLink": "",
    "instagramLink": "",
    "facebookLink": "",
    "linkedinLink": ""
  },
  {
    "id": 31,
    "logo": "/logos/",
    "name": "",
    "siteLink": "",
    "twitterLink": "",
    "instagramLink": "",
    "facebookLink": "",
    "linkedinLink": ""
  }
]
